url,nom,secteur_activite,adresse,code_postal,ville,pays,telephone,site_web
https://www.google.com/maps/place/camping+52+%22+camping+de+la+crois%C3%A9e%22/data=!4m10!3m9!1s0x47ed17fd789fd5a5:0xc04ea504f6b3826!5m2!4m1!1i2!8m2!3d47.795395!4d5.231815!16s%2Fg%2F1ptyxsvpk!19sChIJpdWfeP0X7UcRJjhrT1DqBAw?authuser=0&hl=fr&rclk=1,"camping 52 "" camping de la croisée""",,"
52250 Flagey, France",,,France,"
+33 3 25 88 01 26",
https://www.google.com/maps/place/CAMPING+%22La+C%C3%B4te+d%27Oust%22/data=!4m10!3m9!1s0x12a8cab307c50e89:0x60571b2e46f47e5c!5m2!4m1!1i2!8m2!3d42.870068!4d1.209734!16s%2Fg%2F1tf893wj!19sChIJiQ7FB7PKqBIRXH70Ri4bV2A?authuser=0&hl=fr&rclk=1,"CAMPING ""La Côte d'Oust""",,"
CAMPING ""La Côte d, 09140 Oust, France",,,France,"
+33 6 76 51 67 54",http://campinglacoteoust.com/
https://www.google.com/maps/place/Parc+de+loisirs+%22Le+Val+Fleuri%22+Base+de+loisirs+%C3%A0+la+journ%C3%A9e/data=!4m7!3m6!1s0x47e3796164ff5db1:0xecf2b7674deca715!8m2!3d48.0025832!4d1.231247!16s%2Fg%2F1tf06zcg!19sChIJsV3_ZGF540cRFafsTWe38uw?authuser=0&hl=fr&rclk=1,"Parc de loisirs ""Le Val Fleuri"" Base de loisirs à la journée",Parc d'attractions,"
13A Route de Montigny, Val Fleuri Allée du, 28220 Cloyes-les-Trois-Rivières, France",,,France,"
+33 2 37 98 50 53",http://www.val-fleuri.fr/
https://www.google.com/maps/place/Centre+Aquatique+%22La+Piscine%22/data=!4m7!3m6!1s0x47fda9e99e761965:0x3e45686adead2097!8m2!3d46.8107477!4d0.5422843!16s%2Fg%2F1hc1n7hhm!19sChIJZRl2nump_UcRlyCt3mpoRT4?authuser=0&hl=fr&rclk=1,"Centre Aquatique ""La Piscine""",Piscine municipale,"
13 Rue Aimé Rasseteau, 86100 Châtellerault, France",,,France,"
+33 5 49 21 14 83",https://www.grand-chatellerault.fr/sport/centre-aquatique-la-piscine-chatellerault
https://www.google.com/maps/place/Espace+aqualudique+%22l%27%C3%8Ele+aux+Castors%22/data=!4m7!3m6!1s0x478adbc2a39efa9d:0xb71bea3ef51ff6e9!8m2!3d45.3421859!4d5.3442679!16s%2Fg%2F11p10n10xy!19sChIJnfqeo8LbikcR6fYf9T7qG7c?authuser=0&hl=fr&rclk=1,"Espace aqualudique ""l'Île aux Castors""",Terrain de jeu,"
Rte de la Daleure, 38590 Saint-Étienne-de-Saint-Geoirs, France",,,France,,http://www.ville-sesg.com/
https://www.google.com/maps/place/Centre+aquatique+%22La+Calin%C3%A9sie%22/data=!4m7!3m6!1s0xd554beaab68b933:0x9239a0d740ddb55c!8m2!3d44.9444584!4d-0.245703!16s%2Fg%2F11mx4hzv14!19sChIJM7loq-pLVQ0RXLXdQNegOZI?authuser=0&hl=fr&rclk=1,"Centre aquatique ""La Calinésie""",Centre aquatique,"
11 Rue de Logrono, 33500 Libourne, France",,,France,"
+33 5 24 24 02 80",https://www.la-calinesie.fr/
https://www.google.com/maps/place/Belambra+Clubs+%22Le+Domaine+de+Mousquety%22/data=!4m10!3m9!1s0x12ca098020bacc67:0x5ab451aa70db5660!5m2!4m1!1i2!8m2!3d43.905712!4d5.102189!16s%2Fg%2F1tcwz2yn!19sChIJZ8y6IIAJyhIRYFbbcKpRtFo?authuser=0&hl=fr&rclk=1,"Belambra Clubs ""Le Domaine de Mousquety""",,"
560B Chem. de Mousquety, 84800 L'Isle-sur-la-Sorgue, France",,,France,"
+33 4 90 38 70 00",https://www.belambra.fr/destinations/provence/club-l-isle-sur-la-sorgue-le-domaine-de-mousquety-ete?ept-name=partoo-belambra-gmb&ept-publisher=partoo&utm_campaign=partoo-belambra-gmb&utm_medium=partner&utm_source=partoo
https://www.google.com/maps/place/Belambra+H%C3%B4tel+%22Magendie%22/data=!4m10!3m9!1s0x47e67194f077b7a7:0xf7998bddc85454ff!5m2!4m1!1i2!8m2!3d48.83409!4d2.346187!16s%2Fg%2F1q5bn3mb6!19sChIJp7d38JRx5kcR_1RUyN2Lmfc?authuser=0&hl=fr&rclk=1,"Belambra Hôtel ""Magendie""",,"
2-4 Rue Magendie, 75013 Paris, France",,,France,"
+33 1 43 36 13 61",http://www.belambra-magendie.fr/fr
https://www.google.com/maps/place/Accueil+Camping+%22La+Tour+Du+Stock%22/data=!4m10!3m9!1s0x479414a45a70d40f:0xabb245b61aafa57!5m2!4m1!1i2!8m2!3d48.7565411!4d6.9559507!16s%2Fg%2F11c5_hw3w1!19sChIJD9RwWqQUlEcRV_qqYVskuwo?authuser=0&hl=fr&rclk=1,"Accueil Camping ""La Tour Du Stock""",,"
Étang du Stock, 57400 Langatte, France",,,France,"
+33 3 87 03 69 90",https://www.langatte-tourisme.com/
https://www.google.com/maps/place/R%C3%A9sidence+%22Les+Voiles%22+de+Carnac/data=!4m10!3m9!1s0x48106d7536d03713:0x2ea497242052fed4!5m2!4m1!1i2!8m2!3d47.584485!4d-3.082974!16s%2Fg%2F11v3kljxls!19sChIJEzfQNnVtEEgR1P5SICSXpC4?authuser=0&hl=fr&rclk=1,"Résidence ""Les Voiles"" de Carnac",,"
1 Rue des Poulpicans, 56340 Carnac, France",,,France,"
+33 7 57 59 33 01",http://www.lesvoilescarnac.fr/
https://www.google.com/maps/place/Belambra+Clubs+%22Les+Portes+de+Dordogne%22/data=!4m10!3m9!1s0x12acdab3c0e3e571:0x74f6f9dd5443d836!5m2!4m1!1i2!8m2!3d44.825125!4d1.6814!16s%2Fg%2F1tgzk8qs!19sChIJceXjwLParBIRNthDVN359nQ?authuser=0&hl=fr&rclk=1,"Belambra Clubs ""Les Portes de Dordogne""",,"
1 Rte de Rocamadour, 46500 Alvignac, France",,,France,"
+33 5 65 10 29 40",https://www.belambra.fr/destinations/occitanie/club-rocamadour-les-portes-de-dordogne-ete?ept-name=partoo-belambra-gmb&ept-publisher=partoo&utm_campaign=partoo-belambra-gmb&utm_medium=partner&utm_source=partoo
https://www.google.com/maps/place/Camping+%22l%27Ile+d%27avant%22/data=!4m7!3m6!1s0x47fc6fb161b1b447:0xdfe4d125e8e5f296!8m2!3d46.6318143!4d1.0942917!16s%2Fg%2F11_ptlqhn!19sChIJR7SxYbFv_EcRlvLl6CXR5N8?authuser=0&hl=fr&rclk=1,"Camping ""l'Ile d'avant""",Terrain de camping,"
60 Av. Pierre Mendès-France, 36300 Le Blanc, France",,,France,"
+33 2 54 37 88 22",
https://www.google.com/maps/place/Village+de+G%C3%AEtes+%22Stereden%22/data=!4m10!3m9!1s0x48122d1fc1c54ccf:0x32f8cec50120f91!5m2!4m1!1i2!8m2!3d48.7882593!4d-3.5192548!16s%2Fg%2F1tk22b9x!19sChIJz0zFwR8tEkgRkQ8SUOyMLwM?authuser=0&hl=fr&rclk=1,"Village de Gîtes ""Stereden""",,"
Chemin des Antennes, 22560 Pleumeur-Bodou, France",,,France,"
+33 2 96 91 80 57",https://www.stereden.com/
https://www.google.com/maps/place/Belambra+Clubs+%22Le+Castel+Saint+Anne%22/data=!4m10!3m9!1s0x4812329cbe504f87:0x6fcca490b600a2db!5m2!4m1!1i2!8m2!3d48.8306892!4d-3.5151221!16s%2Fg%2F1v3lpbtk!19sChIJh09QvpwyEkgR26IAtpCkzG8?authuser=0&hl=fr&rclk=1,"Belambra Clubs ""Le Castel Saint Anne""",,"
Rue des Calculots, 22730 Trégastel, France",,,France,"
+33 2 96 15 37 00",https://www.belambra.fr/destinations/bretagne/club-tregastel-le-castel-sainte-anne-ete?ept-name=partoo-belambra-gmb&ept-publisher=partoo&utm_campaign=partoo-belambra-gmb&utm_medium=partner&utm_source=partoo
https://www.google.com/maps/place/Chambres+d%27h%C3%B4tes+%22Les+Sentiers+de+La+Br%C3%AAme%22-+UCHON-/data=!4m10!3m9!1s0x47f23334c0f0ee5d:0xd5b1a7415b1ffe53!5m2!4m1!1i2!8m2!3d46.8081658!4d4.2411224!16s%2Fg%2F11qynz4283!19sChIJXe7wwDQz8kcRU_4fW0GnsdU?authuser=0&hl=fr&rclk=1,"Chambres d'hôtes ""Les Sentiers de La Brême""- UCHON-",,"
La Brême, 71190 Uchon, France",,,France,"
+33 6 70 97 22 82",https://www.lessentiersdelabreme-uchon.fr/
https://www.google.com/maps/place/D%26O+-+Guesthouse+%22La+Pin%C3%A8de%22/data=!4m10!3m9!1s0x12ad4b9a2fea3b5d:0xc6608cdd7c93ac3b!5m2!4m1!1i2!8m2!3d44.9423315!4d2.2141577!16s%2Fg%2F11gvy1xpmf!19sChIJXTvqL5pLrRIRO6yTfN2MYMY?authuser=0&hl=fr&rclk=1,"D&O - Guesthouse ""La Pinède""",,"
15150 Imp. du Lac, 15150 Saint-Gérons, France",,,France,"
+33 6 14 87 58 87",https://www.do-guesthouse.com/
https://www.google.com/maps/place/Camping+de+kerlaudy+%22La+Pause+Atypi%27k%22/data=!4m10!3m9!1s0x48115f66b8feda2d:0xa76fb7013965c6ea!5m2!4m1!1i2!8m2!3d48.6456316!4d-3.9571048!16s%2Fg%2F1thtn_d3!19sChIJLdr-uGZfEUgR6sZlOQG3b6c?authuser=0&hl=fr&rclk=1,"Camping de kerlaudy ""La Pause Atypi'k""",,"
181 Pont de la Corde, 29420 Plouénan, France",,,France,"
+33 2 98 15 89 35",https://www.campingkerlaudy.com/
https://www.google.com/maps/place/Belambra+Clubs+%22Omaha+Beach%22/data=!4m10!3m9!1s0x480ba829191e75d9:0xa0dd5499da5c5800!5m2!4m1!1i2!8m2!3d49.358916!4d-0.840944!16s%2Fg%2F1tf5k0dv!19sChIJ2XUeGSmoC0gRAFhc2plU3aA?authuser=0&hl=fr&rclk=1,"Belambra Clubs ""Omaha Beach""",,"
Cavey, 14710 Colleville-sur-Mer, France",,,France,"
+33 2 31 22 41 81",https://www.belambra.fr/destinations/normandie/club-colleville-sur-mer-omaha-beach-ete?ept-name=partoo-belambra-gmb&ept-publisher=partoo&utm_campaign=partoo-belambra-gmb&utm_medium=partner&utm_source=partoo
https://www.google.com/maps/place/Bed+and+breakfast+%22Villa+Rosalin%22/data=!4m10!3m9!1s0x4792e722a208eb39:0x1f38cc5aca08cb7!5m2!4m1!1i2!8m2!3d47.7891559!4d5.9958027!16s%2Fg%2F11vyx9_6fy!19sChIJOesIoiLnkkcRt4ygrMWM8wE?authuser=0&hl=fr&rclk=1,"Bed and breakfast ""Villa Rosalin""",,"
Rue des Canes 3, 70160 Fouchécourt, France",,,France,"
+41 78 757 47 09",http://www.villarosalin-france.ch/
https://www.google.com/maps/place/Chambre+d%27h%C3%B4tes+%22De+paille+et+d%27argile%22/data=!4m10!3m9!1s0x47ea1759df9f5997:0x488b31e00e69dd9!5m2!4m1!1i2!8m2!3d49.6706869!4d4.6178335!16s%2Fg%2F11csbnyt6f!19sChIJl1mf31kX6kcR2Z3mAB6ziAQ?authuser=0&hl=fr&rclk=1,"Chambre d'hôtes ""De paille et d'argile""",,"
10 rue haute, 08430 Touligny, France",,,France,"
+33 6 84 03 61 59",http://www.aurythmedarduinna.fr/
https://www.google.com/maps/place/Chambres+d%27h%C3%B4tes+%22+%C3%B4+calme+%22/data=!4m10!3m9!1s0x4800e58c27a67aa7:0xdf54b5e799b8f649!5m2!4m1!1i2!8m2!3d45.8206727!4d-0.4779496!16s%2Fg%2F11f646cr5y!19sChIJp3qmJ4zlAEgRSfa4mee1VN8?authuser=0&hl=fr&rclk=1,"Chambres d'hôtes "" ô calme """,,"
85 Av. de Cognac, 17770 Brizambourg, France",,,France,"
+33 6 68 86 90 90",
https://www.google.com/maps/place/H%C3%B4tel+du+Ch%C3%A2teau+%22Cit%C3%A9+M%C3%A9di%C3%A9vale+de+Carcassonne%22/data=!4m10!3m9!1s0x12ae2c6c9891e273:0x17b46ff455cd527b!5m2!4m1!1i2!8m2!3d43.2071133!4d2.3669536!16s%2Fg%2F11rkld2s3d!19sChIJc-KRmGwsrhIRe1LNVfRvtBc?authuser=0&hl=fr&rclk=1,"Hôtel du Château ""Cité Médiévale de Carcassonne""",,"
2 Rue Camille Saint-Saëns, 11000 Carcassonne, France",,,France,"
+33 4 68 11 38 38",https://www.hotelscharmedesign.com/fr/hotel-du-chateau/accueil-carcassonne/?utm_source=google&utm_medium=organic&utm_campaign=fiche
https://www.google.com/maps/place/Chambre+d%E2%80%99H%C3%B4te+%22+La+Maison+Du+Bonheur%22/data=!4m10!3m9!1s0x47e5e6c0a701a5ef:0x57af60f56887bd7a!5m2!4m1!1i2!8m2!3d48.5960708!4d2.5014303!16s%2Fg%2F11f4wsvvk6!19sChIJ76UBp8Dm5UcRer2HaPVgr1c?authuser=0&hl=fr&rclk=1,"Chambre d’Hôte "" La Maison Du Bonheur""",,"
23 Rue du 8 Mai 1945, 91250 Saintry-sur-Seine, France",,,France,"
+33 7 67 86 72 81",https://www.maisondhote-lamaisondubonheur-91250.fr/
https://www.google.com/maps/place/Les+Chambres+d%27h%C3%B4tes+%22+le+Nid+d%27Alex%22/data=!4m10!3m9!1s0x47934dd77c6172e3:0xf3f3738a88e7b1e4!5m2!4m1!1i2!8m2!3d48.3994895!4d5.7608227!16s%2Fg%2F11gxp719dd!19sChIJ43JhfNdNk0cR5LHniIpz8_M?authuser=0&hl=fr&rclk=1,"Les Chambres d'hôtes "" le Nid d'Alex""",,"
6 Rue Renard, 88300 Autigny-la-Tour, France",,,France,"
+33 6 52 26 64 62",https://leniddalex.fr/
https://www.google.com/maps/place/Chambres+d%27h%C3%B4tes+%22Une+autre+maison%22/data=!4m10!3m9!1s0x478d3df7d79a7023:0xe0b67b00bf1fe4e9!5m2!4m1!1i2!8m2!3d46.8828391!4d5.7583137!16s%2Fg%2F11hf3pl2j7!19sChIJI3Ca1_c9jUcR6eQfvwB7tuA?authuser=0&hl=fr&rclk=1,"Chambres d'hôtes ""Une autre maison""",,"
7 Rue du Chardonnay, 39600 Pupillin, France",,,France,"
+33 7 71 22 26 58",https://www.une-autre-maison.fr/
https://www.google.com/maps/place/Chambre+d%27h%C3%B4tes+%22une+halte%22+-+maison+d%E2%80%99h%C3%B4tes+-+h%C3%B4tel+-+h%C3%A9bergement+insolite+-+piscine+-+bain+Nordique/data=!4m10!3m9!1s0x47f4976dd26db7ed:0xbbc409a5cff133f5!5m2!4m1!1i2!8m2!3d45.9409414!4d4.8096667!16s%2Fg%2F11hdvdzx8t!19sChIJ7bdt0m2X9EcR9TPxz6UJxLs?authuser=0&hl=fr&rclk=1,"Chambre d'hôtes ""une halte"" - maison d’hôtes - hôtel - hébergement insolite - piscine - bain Nordique",,"
667 Mnt des Balmes, 01600 Reyrieux, France",,,France,"
+33 6 26 36 75 11",http://www.chambredhote-reyrieux.com/
https://www.google.com/maps/place/Belambra+Clubs+%22Pineto%22/data=!4m10!3m9!1s0x12d73bd83629eb23:0xd2249101ebec12c5!5m2!4m1!1i2!8m2!3d42.602451!4d9.492515!16s%2Fg%2F113h5wlbj!19sChIJI-spNtg71xIRxRLs6wGRJNI?authuser=0&hl=fr&rclk=1,"Belambra Clubs ""Pineto""",,"
Lido de la Marana Route du Cordon Lagunaire, 20290 Borgo, France",,,France,"
+33 4 95 30 16 50",https://www.belambra.fr/destinations/corse/club-borgo-pineto-ete?ept-name=partoo-belambra-gmb&ept-publisher=partoo&utm_campaign=partoo-belambra-gmb&utm_medium=partner&utm_source=partoo
https://www.google.com/maps/place/Belambra+Clubs+%22Les+Grands+Espaces%22/data=!4m10!3m9!1s0x4804fd73b9ff3349:0xb2c720f49b389d77!5m2!4m1!1i2!8m2!3d46.790346!4d-2.083201!16s%2Fg%2F1thw1jkv!19sChIJSTP_uXP9BEgRd504m_Qgx7I?authuser=0&hl=fr&rclk=1,"Belambra Clubs ""Les Grands Espaces""",,"
Av. de l'Estacade, 85160 Saint-Jean-de-Monts, France",,,France,"
+33 2 51 59 90 00",https://www.belambra.fr/destinations/cote-atlantique/club-st-jean-de-monts-les-grands-espaces-ete?ept-name=partoo-belambra-gmb&ept-publisher=partoo&utm_campaign=partoo-belambra-gmb&utm_medium=partner&utm_source=partoo
https://www.google.com/maps/place/Centre+Nautique+d%27Al%C3%A8s+%22Le+Toboggan%22/data=!4m7!3m6!1s0x12b4423c1e376701:0xc71bacba695dc18c!8m2!3d44.1192983!4d4.0909959!16s%2Fg%2F113jsv4hv!19sChIJAWc3HjxCtBIRjMFdabqsG8c?authuser=0&hl=fr&rclk=1,"Centre Nautique d'Alès ""Le Toboggan""",Piscine municipale,"
310 Quai de la Brigade du Languedoc, 30100 Alès, France",,,France,"
+33 4 66 91 20 70",https://www.ales.fr/sortir-bouger/sport/centre-nautique-toboggan/
https://www.google.com/maps/place/Accueil+Camping+%22La+Tour+Du+Stock%22/data=!4m7!3m6!1s0x479414a45a70d40f:0xabb245b61aafa57!8m2!3d48.7565411!4d6.9559507!16s%2Fg%2F11c5_hw3w1!19sChIJD9RwWqQUlEcRV_qqYVskuwo?authuser=0&hl=fr&rclk=1,"Accueil Camping ""La Tour Du Stock""",,"
Étang du Stock, 57400 Langatte, France",,,France,"
+33 3 87 03 69 90",https://www.langatte-tourisme.com/
https://www.google.com/maps/place/Camping+%22La+Foresti%C3%A8re%22+ACTIF+Hainaut+Loisirs/data=!4m7!3m6!1s0x47c2894a17f2ad37:0xe909576f8fbd9e3a!8m2!3d50.1689853!4d3.6669183!16s%2Fg%2F11ghpn6rn4!19sChIJN63yF0qJwkcROp69j29XCek?authuser=0&hl=fr&rclk=1,"Camping ""La Forestière"" ACTIF Hainaut Loisirs",Terrain de camping,"
Chem. des Gardes la Forestière, 59288 Preux-au-Bois, France",,,France,"
+33 3 27 77 34 61",http://www.campinglaforestiere.com/
https://www.google.com/maps/place/Village+Vacances+%22Le+Domaine+Sauvage%22/data=!4m7!3m6!1s0x47dc2b568078b44f:0x2625dc53fca6a6e8!8m2!3d50.6697233!4d1.5759477!16s%2Fg%2F1pp2x7_0z!19sChIJT7R4gFYr3EcR6Kam_FPcJSY?authuser=0&hl=fr&rclk=1,"Village Vacances ""Le Domaine Sauvage""",Village de vacances,"
62224 Équihen-Plage, France",,,France,"
+32 58 52 05 40",https://ville-equihen-plage.fr/
https://www.google.com/maps/place/Belambra+Clubs+%22Les+Vignes%22/data=!4m10!3m9!1s0xd515ca900404d5f:0x289da3dea8ac23a8!5m2!4m1!1i2!8m2!3d43.635722!4d-1.445995!16s%2Fg%2F1tfffhy7!19sChIJX01AAKlcUQ0RqCOsqN6jnSg?authuser=0&hl=fr&rclk=1,"Belambra Clubs ""Les Vignes""",,"
All. des Ortolans, 40130 Capbreton, France",,,France,"
+33 5 58 41 86 70",https://www.belambra.fr/destinations/sud-ouest/club-capbreton-les-vignes-ete?ept-name=partoo-belambra-gmb&ept-publisher=partoo&utm_campaign=partoo-belambra-gmb&utm_medium=partner&utm_source=partoo
https://www.google.com/maps/place/Parc+de+loisirs+%22Saint+Bertrand%22/data=!4m7!3m6!1s0x12afc17383ed6ecb:0xb83da96c8c5dcd18!8m2!3d42.8900967!4d2.1973581!16s%2Fg%2F11h003nzh4!19sChIJy27tg3PBrxIRGM1djGypPbg?authuser=0&hl=fr&rclk=1,"Parc de loisirs ""Saint Bertrand""",,"
Parc St Berterand, 182 Rte de Laval, 11500 Quillan, France",,,France,"
+33 4 68 20 00 44",
https://www.google.com/maps/place/Camping+%22Le+Val+Fleuri%22/data=!4m10!3m9!1s0x47e37966250bc783:0x6af23109cbbbda9e!5m2!4m1!1i2!8m2!3d48.0025425!4d1.2322107!16s%2Fg%2F11c5wmhsnm!19sChIJg8cLJWZ540cRntq7ywkx8mo?authuser=0&hl=fr&rclk=1,"Camping ""Le Val Fleuri""",,"
13 A Route de Montigny, Val Fleuri Allée du, 28220 Cloyes-les-Trois-Rivières, France",,,France,"
+33 2 37 98 50 53",http://www.val-fleuri.fr/
https://www.google.com/maps/place/Belambra+Clubs+%22Les+Portes+de+l%27Oc%C3%A9an%22/data=!4m10!3m9!1s0x4810f41fdecbd2fd:0x4f03f1d58ff11dd1!5m2!4m1!1i2!8m2!3d47.764916!4d-3.522646!16s%2Fg%2F1tf6wrlf!19sChIJ_dLL3h_0EEgR0R3xj9XxA08?authuser=0&hl=fr&rclk=1,"Belambra Clubs ""Les Portes de l'Océan""",,"
1 Résidence des Marines, 56520 Guidel, France",,,France,"
+33 2 97 05 97 51",https://www.belambra.fr/destinations/bretagne/club-guidel-plages-les-portes-de-l-ocean-ete?ept-name=partoo-belambra-gmb&ept-publisher=partoo&utm_campaign=partoo-belambra-gmb&utm_medium=partner&utm_source=partoo
https://www.google.com/maps/place/Accueil+de+loisirs+%22Plan%C3%A8tes+Magiques%22/data=!4m7!3m6!1s0x47f4cbfbab2a21b3:0x55167d8eef96ab82!8m2!3d45.7159869!4d5.1271276!16s%2Fg%2F11b75hr6_3!19sChIJsyEqq_vL9EcRgquW7459FlU?authuser=0&hl=fr&rclk=1,"Accueil de loisirs ""Planètes Magiques""",Centre aéré et de loisirs pour enfants,"
166 Rte de Pont-de-Chéruy, 69124 Colombier-Saugnieu, France",,,France,"
+33 4 72 05 56 07",http://www.mairie-colombiersaugnieu.fr/
https://www.google.com/maps/place/VVF+Le+Lioran+%22Haut+du+Roy%22/data=!4m10!3m9!1s0x47f7e65ebc77c5f7:0x6d5ad34117472a27!5m2!4m1!1i2!8m2!3d45.0812329!4d2.7363935!16s%2Fg%2F1tqpylr3!19sChIJ98V3vF7m90cRJypHF0HTWm0?authuser=0&hl=fr&rclk=1,"VVF Le Lioran ""Haut du Roy""",,"
2 Route des Chamois, 15800 Saint-Jacques-des-Blats, France",,,France,"
+33 4 71 49 50 60",https://www.vvf.fr/destination/ete/lioran
https://www.google.com/maps/place/Espace+aquatique+%22+Aqua%27Va%22/data=!4m7!3m6!1s0x4808d1005db4fb99:0xdbfa374c85988c60!8m2!3d47.9365696!4d-1.2357095!16s%2Fg%2F11lcx68n7h!19sChIJmfu0XQDRCEgRYIyYhUw3-ts?authuser=0&hl=fr&rclk=1,"Espace aquatique "" Aqua'Va""",Club de sport,"
15 Rue de la Vannerie, 35130 La Guerche-de-Bretagne, France",,,France,"
+33 2 99 96 32 99",https://www.vitrecommunaute.org/listes/piscine-de-la-guerche-de-bretagne/
https://www.google.com/maps/place/Camping-Base+de+Loisirs+%22La+For%C3%AAt%22+Tarn/data=!4m10!3m9!1s0x12ae0075d2a8f609:0x13c0f049c6c0897d!5m2!4m1!1i2!8m2!3d43.761385!4d2.4367691!16s%2Fg%2F11_sdjrp1!19sChIJCfao0nUArhIRfYnAxknwwBM?authuser=0&hl=fr&rclk=1,"Camping-Base de Loisirs ""La Forêt"" Tarn",,"
Place de la Carrierasse, 81330 Saint-Pierre-de-Trivisy, France",,,France,"
+33 5 63 50 48 69",https://www.stpierredetrivisy.fr/camping-municipal-la-foret
https://www.google.com/maps/place/Camping+Municipal+%22Le+Rivage%22/data=!4m7!3m6!1s0x480e843e89b3926f:0x4a877d6aec73d169!8m2!3d48.5734456!4d-2.011346!16s%2Fg%2F1tcvnnxg!19sChIJb5KziT6EDkgRadFz7Gp9h0o?authuser=0&hl=fr&rclk=1,"Camping Municipal ""Le Rivage""",Terrain de camping,"
5 Rue de la Chevalerie, 35870 Le Minihic-sur-Rance, France",,,France,"
+33 2 99 88 59 10",http://www.le-minihic-sur-rance.fr/camping-le-rivage-P14.html
https://www.google.com/maps/place/Piscine+de+la+Vall%C3%A9e+Verte+%22La+Vague%22/data=!4m7!3m6!1s0x478c12f6cc684c79:0xd0fcfe1b4286479e!8m2!3d46.2070317!4d6.4036885!16s%2Fg%2F11d_7twcgk!19sChIJeUxozPYSjEcRnkeGQhv-_NA?authuser=0&hl=fr&rclk=1,"Piscine de la Vallée Verte ""La Vague""",Piscine extérieure,"
83 Rue du Collège, 74420 Boëge, France",,,France,"
+33 4 50 39 17 13",https://piscine-valleeverte.fr/
https://www.google.com/maps/place/Piscine+d%27%C3%A9t%C3%A9+%22Aquaforme%22/data=!4m7!3m6!1s0x12b45399288c8087:0x8c5464d3ff0e5642!8m2!3d44.2246127!4d4.35077!16s%2Fg%2F11bc7rzk90!19sChIJh4CMKJlTtBIRQlYO_9NkVIw?authuser=0&hl=fr&rclk=1,"Piscine d'été ""Aquaforme""",Piscine,"
piscine, Chem. des Sports, 30430 Méjannes-le-Clap, France",,,France,"
+33 4 66 24 40 10",https://centre-sportif-gard.fr/centre-sportif/individuels/bouger/piscine-d-ete-aquaforme
https://www.google.com/maps/place/camping+%22Au+bord+de+Bruche%22/data=!4m10!3m9!1s0x4793fee6ffffffff:0x3279167eded92412!5m2!4m1!1i2!8m2!3d48.4531101!4d7.1992866!16s%2Fg%2F1v2jbvjh!19sChIJ_____-b-k0cREiTZ3n4WeTI?authuser=0&hl=fr&rclk=1,"camping ""Au bord de Bruche""",,"
11 Rue Pierre Marchal, 67570 Rothau, France",,,France,"
+33 3 88 97 07 50",https://www.auborddebruche.fr/
https://www.google.com/maps/place/Belambra+Clubs+%22Presqu%E2%80%99%C3%AEle+du+Ponant%22/data=!4m10!3m9!1s0x12b697884116d3eb:0x56911203c1f8c18!5m2!4m1!1i2!8m2!3d43.563225!4d4.103742!16s%2Fg%2F1tmhtfs2!19sChIJ69MWQYiXthIRGIwfPCARaQU?authuser=0&hl=fr&rclk=1,"Belambra Clubs ""Presqu’île du Ponant""",,"
Rue Saint-Louis, 34280 La Grande-Motte, France",,,France,"
+33 4 67 56 51 55",https://www.belambra.fr/destinations/occitanie/club-la-grande-motte-presqu-ile-du-ponant-ete?ept-name=partoo-belambra-gmb&ept-publisher=partoo&utm_campaign=partoo-belambra-gmb&utm_medium=partner&utm_source=partoo
https://www.google.com/maps/place/%22Verdon+yourte%22+Camping+%C3%A0+la+ferme/data=!4m10!3m9!1s0x12cc72920474fd83:0xe36f607838ea11b9!5m2!4m1!1i2!8m2!3d43.936357!4d6.562053!16s%2Fg%2F11_t5hq2l!19sChIJg_10BJJyzBIRuRHqOHhgb-M?authuser=0&hl=fr&rclk=1,"""Verdon yourte"" Camping à la ferme",,"
719 route de Vergons, 04170 Angles, France",,,France,"
+33 4 92 83 73 64",https://verdonyourte.com/
https://www.google.com/maps/place/Centre+de+loisirs+%22les+Sapins%22+Camping+municipal+3*/data=!4m10!3m9!1s0x4794383b880fe3d7:0x4ce0c4ffc82be4f2!5m2!4m1!1i2!8m2!3d48.9767221!4d7.0535118!16s%2Fg%2F1tdcqg11!19sChIJ1-MPiDs4lEcR8uQryP_E4Ew?authuser=0&hl=fr&rclk=1,"Centre de loisirs ""les Sapins"" Camping municipal 3*",,"
14 Rue de la Paix, 67260 Keskastel, France",,,France,"
+33 3 88 00 19 25",http://www.camping-keskastel.fr/fr/home/
https://www.google.com/maps/place/lieu+Dit+%22Acquacitosa%22/data=!4m7!3m6!1s0x12d9ef124c89815d:0x9e093ba14c013969!8m2!3d41.9858774!4d9.3634234!16s%2Fg%2F11ght151sj!19sChIJXYGJTBLv2RIRaTkBTKE7CZ4?authuser=0&hl=fr&rclk=1,"lieu Dit ""Acquacitosa""",Réserve zoologique,"
20243 Serra-di-Fiumorbo, France",,,France,,
https://www.google.com/maps/place/Belambra+Clubs+%22Les+Rives+de+Thau%22/data=!4m10!3m9!1s0x12b14a17360c92e5:0xc822b6f74e2f0f1c!5m2!4m1!1i2!8m2!3d43.439958!4d3.673281!16s%2Fg%2F1tf8j530!19sChIJ5ZIMNhdKsRIRHA8vTve2Isg?authuser=0&hl=fr&rclk=1,"Belambra Clubs ""Les Rives de Thau""",,"
Rue du Stade, 34540 Balaruc-les-Bains, France",,,France,"
+33 4 67 51 74 00",https://www.belambra.fr/destinations/occitanie/club-balaruc-les-bains-les-rives-de-thau-ete?ept-name=partoo-belambra-gmb&ept-publisher=partoo&utm_campaign=partoo-belambra-gmb&utm_medium=partner&utm_source=partoo
https://www.google.com/maps/place/Village+vacances+C%C3%A9v%C3%A9o+de+Mesquer+-+Pays+de+Gu%C3%A9rande+%22+Le+Ch%C3%A2teau+de+Tr%C3%A9ambert%22/data=!4m10!3m9!1s0x48055859ca6c5ae9:0x1e326990e42147d8!5m2!4m1!1i2!8m2!3d47.3983786!4d-2.4726266!16s%2Fg%2F11cm0321cp!19sChIJ6VpsyllYBUgR2Ech5JBpMh4?authuser=0&hl=fr&rclk=1,"Village vacances Cévéo de Mesquer - Pays de Guérande "" Le Château de Tréambert""",,"
1900 Rte de Kerlagadec (RD52), 44420 Mesquer, France",,,France,"
+33 2 40 42 51 18",https://www.ceveo.com/village/village-vacances-mesquer-pays-de-guerande
https://www.google.com/maps/place/Camping+Municipal+%22Le+Clos+Marin%22/data=!4m7!3m6!1s0x480c6fce57402551:0x1915c47325421476!8m2!3d49.1590491!4d-1.595945!16s%2Fg%2F1td7bk1z!19sChIJUSVAV85vDEgRdhRCJXPEFRk?authuser=0&hl=fr&rclk=1,"Camping Municipal ""Le Clos Marin""",,"
43 Rue des Bergeronnettes, 50770 Pirou, France",,,France,"
+33 2 33 46 30 36",https://www.camping-leclosmarin.fr/
https://www.google.com/maps/place/Camping+du+Lac+%22La+g%C3%A9raumi%C3%A8re%22/data=!4m10!3m9!1s0x4809850603d59bc3:0xbd1acd7eb28a1bf0!5m2!4m1!1i2!8m2!3d48.5770399!4d-0.576564!16s%2Fg%2F11f7331hf7!19sChIJw5vVAwaFCUgR8BuKsn7NGr0?authuser=0&hl=fr&rclk=1,"Camping du Lac ""La géraumière""",,"
255 Route de, La Geraumière, 61700, France",,,France,"
+44 7773 364391",
https://www.google.com/maps/place/Camping+priv%C3%A9+%22Le+Maine+Blanc%22+%28Rue+autoris%C3%A9e+au+%2B3T5%29/data=!4m10!3m9!1s0x48002e3f944d6d01:0xb22125c18d297349!5m2!4m1!1i2!8m2!3d45.139677!4d-0.486679!16s%2Fg%2F1tdyvqyd!19sChIJAW1NlD8uAEgRSXMpjcElIbI?authuser=0&hl=fr&rclk=1,"Camping privé ""Le Maine Blanc"" (Rue autorisée au +3T5)",,"
335 Maine Blanc, 33920 Saint-Christoly-de-Blaye, France",,,France,"
+33 5 57 42 52 81",http://lemaineblanc.fr/
https://www.google.com/maps/place/Belambra+Clubs+%22Panorama%22/data=!4m10!3m9!1s0x478c01659f4c5ee1:0x750b7c8f3cb72b15!5m2!4m1!1i2!8m2!3d46.0082117!4d6.6776453!16s%2Fg%2F11stk2m2f9!19sChIJ4V5Mn2UBjEcRFSu3PI98C3U?authuser=0&hl=fr&rclk=1,"Belambra Clubs ""Panorama""",,"
Flaine Montsoleil, Quartier Les Gérats, 74300 Arâches-la-Frasse, France",,,France,"
+33 4 50 78 78 10",https://www.belambra.fr/destinations/auvergne-rhone-alpes/club-flaine-panorama-hiver?ept-name=partoo-belambra-gmb&ept-publisher=partoo&utm_campaign=partoo-belambra-gmb&utm_medium=partner&utm_source=partoo
https://www.google.com/maps/place/Belambra+H%C3%B4tel+%22Le+Diva%22/data=!4m10!3m9!1s0x478974b161379577:0xb1e45a47812deda7!5m2!4m1!1i2!8m2!3d45.455676!4d6.898392!16s%2Fg%2F1v1tlzsp!19sChIJd5U3YbF0iUcRp-0tgUda5LE?authuser=0&hl=fr&rclk=1,"Belambra Hôtel ""Le Diva""",,"
Av. de la Grande Motte, 73320 Tignes, France",,,France,"
+33 4 79 06 70 00",https://www.belambra.fr/destinations/alpes/club-tignes-le-diva-hiver?ept-name=partoo-belambra-gmb&ept-publisher=partoo&utm_campaign=partoo-belambra-gmb&utm_medium=partner&utm_source=partoo
https://www.google.com/maps/place/%C3%89tang+Le+Monsiau+%26+parcours+%22le+plaisir+des+cimes%22/data=!4m7!3m6!1s0x47f0ed57d811266d:0xfebb1a83aeb6ce5!8m2!3d46.6269236!4d2.9653789!16s%2Fg%2F11trl4s8x2!19sChIJbSYR2Fft8EcR5WzrOqix6w8?authuser=0&hl=fr&rclk=1,"Étang Le Monsiau & parcours ""le plaisir des cimes""",Parc,"
1 D128 la fort de vivrai, 03220 Saint-Plaisir, France",,,France,,http://saint-plaisir.fr/
https://www.google.com/maps/place/Parc+d%E2%80%99Orbigny+:+jardin+%C3%A9poque+%22Sublime%22+class%C3%A9+Monument+Historique/data=!4m7!3m6!1s0x47ee1be228c36e83:0xe9ff2a05d06b3669!8m2!3d47.4904623!4d3.8719132!16s%2Fg%2F11vcm5lb3x!19sChIJg27DKOIb7kcRaTZr0AUq_-k?authuser=0&hl=fr&rclk=1,"Parc d’Orbigny : jardin époque ""Sublime"" classé Monument Historique",Parc,"
1 Chem. de la Vigne Blanche, 89200 Pontaubert, France",,,France,"
+33 6 28 73 36 15",
https://www.google.com/maps/place/Camping+de+la+Dune+%22Les+Flots+Bleus%22/data=!4m10!3m9!1s0xd53628006bb5afb:0x3f54f63ee714444!5m2!4m1!1i2!8m2!3d44.5811554!4d-1.2122837!16s%2Fg%2F1tdh55kv!19sChIJ-1q7BoBiUw0RRERx7mNP9QM?authuser=0&hl=fr&rclk=1,"Camping de la Dune ""Les Flots Bleus""",,"
Rte d'Arcachon À Biscarrosse, 33115 Pyla-sur-Mer, France",,,France,"
+33 5 56 22 72 17",http://www.campingdeladune.fr/
https://www.google.com/maps/place/Belambra+Clubs+%22La+Chambre+d%27Amour%22/data=!4m10!3m9!1s0xd516aebc0dad707:0xec355ffd1f2dcc3d!5m2!4m1!1i2!8m2!3d43.496672!4d-1.543936!16s%2Fg%2F12yygd28q!19sChIJB9fawOtqUQ0RPcwtH_1fNew?authuser=0&hl=fr&rclk=1,"Belambra Clubs ""La Chambre d'Amour""",,"
Prom. des Sources, 64600 Anglet, France",,,France,"
+33 5 59 31 31 31",https://www.belambra.fr/destinations/sud-ouest/club-anglet-chambre-amour-ete?ept-name=partoo-belambra-gmb&ept-publisher=partoo&utm_campaign=partoo-belambra-gmb&utm_medium=partner&utm_source=partoo
https://www.google.com/maps/place/Piscine+et+toboggan+du+camping+de+%22Mayotte%22/data=!4m7!3m6!1s0xd5481006468cf21:0xc9442d352c18b46!8m2!3d44.4373795!4d-1.1584947!16s%2Fg%2F11zbr9f9mn!19sChIJIc9oZACBVA0RRovBUtNClAw?authuser=0&hl=fr&rclk=1,"Piscine et toboggan du camping de ""Mayotte""",Piscine,"
368 Chem. des Roseaux, 40600 Biscarrosse, France",,,France,,
